raw_category_label,product_manager,listing_count,matched_category_id
"医师椅","倪政",1000,
"乳胶手套","周萍",1000,
"通用粘接剂","覃柳敏",1000,
"铺巾架","肖敏",1000,
"3D打印机及配件3D,Printing,Systems,Accessories","王文骏",1000,
"牙刷和配件","覃柳敏",1000,
"实验服","周萍",1000,
"水净化处理","倪政",1000,
"合金材料配件","覃柳敏",999,
"丁腈手套","周萍",999,
"冲牙器和配件","覃柳敏",984,
"一次性注射器及附件","肖敏",958,
"托盘","周萍",884,
"急救包","刘霞",861,
"PVC手套PVC,Gloves","周萍",549,
"锐器盒","倪政",493,
"器械盒","肖敏",452,
"外科手术器械-拔牙工具","赵呈志",434,
"牙科模型","覃柳敏",428,dental_models
"蒸馏水机及配件","何奕姗",404,
"储牙盒","肖敏",332,
"豆瓣成型片","赵呈志",330,
"手术刀片","沈颖超",324,
"手用锉","赵呈志",289,
"注射器和针头","肖敏",283,
"种植体","赵呈志",279,implants
"暂封材料","覃柳敏",257,
"离心机","何奕姗",249,
"冠桥材料混合枪和混合头","覃柳敏",240,
"开口器系列","肖敏",237,
"正畸","钟建平",214,
"抛光碟","刘霞",211,
"荡洗器","何奕姗",199,
"托槽","钟建平",197,
"X光机X-Ray,Machine","王文骏",196,
"技工用工具","赵呈志",195,
"隔离衣","周萍",172,
"金刚砂车针","沈颖超",163,
"压舌板","肖敏",162,
"一次性铺巾","肖敏",153,
"放大镜","王文骏",153,
"喷砂枪","何奕姗",145,
"推车","倪政",142,
"砂轮","刘霞",137,
"真空成型机","倪政",116,
"水门汀","覃柳敏",111,
"X光配件X-ray,Accessories","王文骏",106,
"空气压缩机真空泵","徐刚",96,
"氧化锆块","倪政",94,
"TPE手套TPE,Gloves","周萍",93,
"橡皮障布","肖敏",90,
"PE手套PE,Gloves","周萍",89,
"金属冠","覃柳敏",87,
"牙科工艺品","覃柳敏",84,
"X光胶片X-Ray,Film","王文骏",81,
"透明预成冠","覃柳敏",80,
"义齿修复材料","覃柳敏",78,
"锯条","刘霞",72,
"便携式牙科椅","徐刚",68,
"灭菌器及配件","徐刚",64,
"牙间楔","赵呈志",63,
"钨钢车针","沈颖超",59,
"吸唾管","徐刚",59,
"其他技工设备","倪政",58,
"树脂加热器","韦广晨",43,
"种植器械","赵呈志",43,
"种植用器械","赵呈志",43,
"吸潮纸尖","肖敏",40,
"打磨机及配件","倪政",38,
"抛光条","刘霞",38,
"贴面","覃柳敏",37,
"电蜡刀","倪政",36,
"牙科椅及配件","徐刚",36,
"真空成型材料","倪政",36,
"打孔套装","肖敏",34,
"柜子","倪政",33,
"调拌碗","肖敏",32,
"漱口杯","肖敏",30,
"超声波清洗机","何奕姗",30,
"石膏","覃柳敏",30,
"口腔教学模拟训练设备","覃柳敏",30,
"义齿基托","覃柳敏",28,
"手术缝线","沈颖超",28,
"技工车针","沈颖超",27,
"牙周器械","赵呈志",27,
"抛光机","倪政",25,
"牙齿美白仪","何奕姗",24,
"复苏面罩","刘霞",23,
"抛光轮","刘霞",23,
"去冠器","赵呈志",23,
"抛光刷轮","刘霞",21,
"定制托盘材料","覃柳敏",21,
"牙周纤维带&可粘合增强带","覃柳敏",20,
"石膏振荡器","倪政",20,
"钻头","沈颖超",17,
"口腔灯配件","徐刚",17,
"技工台","倪政",17,
"树脂玻璃纤维车针","沈颖超",16,
"印模材料","覃柳敏",16,
"咬合架及其他工具","倪政",16,
"调拌纸","肖敏",15,
"手机配件","王永庆",15,
"机用锉","赵呈志",14,
"牙科抽吸系统","徐刚",14,
"打磨抛光套装","刘霞",12,
"抛光弯角","覃柳敏",12,
"临时冠桥材料","覃柳敏",10,
"软组织粘接剂","覃柳敏",10,
"咬合记录材料","覃柳敏",9,
"成型片套装","赵呈志",9,
"车针附件","沈颖超",8,
"负压机","徐刚",8,
"磨头","刘霞",8,
"刀片移除器","沈颖超",8,
"弹性印模注射器及零件","覃柳敏",7,
"振动器,藻酸盐搅拌机","何奕姗",6,
"诊断工具","赵呈志",6,
"牙弓丝","钟建平",6,
"咬合高点指示","覃柳敏",5,
"临时填充","覃柳敏",4,
"口腔内窥镜","王文骏",4,
"托盘清洁用品","覃柳敏",4,
"咬合纸","覃柳敏",3,
"合金材料","覃柳敏",3,
"配件","倪政",3,
"比色板","覃柳敏",3,
"棉花类产品和收纳盒","肖敏",3,
"拔髓针","赵呈志",3,
"便携式治疗机","徐刚",3,
"豆瓣环","赵呈志",3,
"抛光手机","王永庆",3,
"椅旁重衬","覃柳敏",2,
"车针套装","沈颖超",2,
"桩核修复材料","覃柳敏",2,
"一次性器械包","肖敏",2,
"根管配件","何奕姗",2,
"牙髓活力测试仪","何奕姗",2,
"加热工具,蜡刀加热器","倪政",2,
"牙科显微镜","徐刚",2,
"低速手机","王永庆",2,
"抛光杯","覃柳敏",2,
"超声波洁牙机,喷砂枪和配件","胡俊兵",2,
"树脂临时冠","覃柳敏",1,
"脱敏剂","覃柳敏",1,
"氨吸入剂嗅盐","刘霞",1,
"牙科摄影设备","王文骏",1,
"根管治疗仪","何奕姗",1,
"牙胶切断器","何奕姗",1,
"封口机和配件","何奕姗",1,
"砂石","刘霞",1,
"成型环工具","赵呈志",1,
"抛光刷","覃柳敏",1,
"牙齿美白材料","覃柳敏",1,
